biennalecinema2020.labiennale;0,78
biennalecinema2020.today;0,44
biennalecinema2020.screening;0,4
biennalecinema2020.cast;0,39
biennalecinema2020.hilalbaydarov;0,38
biennalecinema2020.inbetweendying;0,38
biennalecinema2020.september;0,37
biennalecinema2020.carpet;0,36
biennalecinema2020.red;0,36
biennalecinema2020.walk;0,36
biennalecinema2020.sala;0,36
biennalecinema2020.nuevoorden;0,36
biennalecinema2020.11th;0,34
biennalecinema2020.venezia77;0,33
biennalecinema2020.friday;0,31
biennalecinema2020.michelfranco;0,31
