who_retweet;who_post
wakywacko;Cinelais
johnylagentesta;la_Biennale
Joscsl;nomadlandfilm
yoeddd;nomadlandfilm
pauvaccaro;fadetoher
ImanovElshan;la_Biennale
NerdenBaksanEdi;la_Biennale
wfcneto;ICSfilm
juandlago;ICSfilm
Shahmar_Rustam;la_Biennale
asimilyano;la_Biennale
rosestobecky;ineedrink
rosestobecky;FilmUpdates
MastercardAUT;MastercardEU
planerva;robbiereviews
nargiz_mammadli;la_Biennale
Checco_01;la_Biennale
Checco_01;la_Biennale
Checco_01;la_Biennale
Checco_01;la_Biennale
Checco_01;la_Biennale
Checco_01;la_Biennale
Checco_01;la_Biennale
Checco_01;la_Biennale
lcm1pen;nomadlandfilm
alejand84792672;TheHotCorn_
blackgrrrl;la_Biennale
Soggy_Botttom;robinmonotti
polidoropress;OnTheLido
cateluvr;askyfullofCate
EduardoRMo;la_Biennale
SubhradeepMand6;Cinelais
flacarla;la_Biennale
waseemanda;Cineuropa
imorkhanalii;la_Biennale
IarosOscar;la_Biennale
the_play_ground;DoubleEyeCo
JayRyKK;BeastiesForever
floatingartist;OnTheLido
DIPESHrSONAR;OnTheLido
PawsUpGR;Versace
nigarabli;la_Biennale
Baba_go_migu;Cinelais
cinemagrupo;Panavision
shabyzz;la_Biennale
eladitoangelito;GdSArizona
0autorun0;la_Biennale
CBlanchett_army;askyfullofCate
elturanmammadov;la_Biennale
torisantotori;nomadlandfilm
jayryangirl01;BeastiesForever
qu0kka;QueerLion
AkashSuresh212;Cinelais
PamelaKashani;DoubleEyeCo
bullockcarosell;askyfullofCate
qurbanova_aygul;la_Biennale
asherxai;Cinelais
Simonsds;OnTheLido
bibliowitch;TheItalianReve
SaenzVarona;la_Biennale
SottopassoStua;sugarpulp
rahook2;OnTheLido
Indie_chomsky;Cinelais
nand_bo;Cinelais
CWloba221;BeastiesForever
YannBreheret;Cinelais
moorechett;askyfullofCate
RADARISMA;blanchettheart
RADARISMA;askyfullofCate
skc89;Cinelais
vmanikand;Cinelais
Diezmartinez;OnTheLido
Eralvy;OnTheLido
morandi_andrea;JonathanRomney
__Grav;nomadlandfilm
aachinjain;Cinelais
fzzztsimmons;OnTheLido
Mary44032450;la_Biennale
Bheng72484176;askyfullofCate
VivekSrkian33;Khandekar_du
Kenny_DiazPR;robbiereviews
whovian45810;nomadlandfilm
skinnypunch;robbiereviews
Prxscillaidk;robbiereviews
seisosan;la_Biennale
Checco_01;la_Biennale
Checco_01;la_Biennale
flacarla;la_Biennale
Checco_01;la_Biennale
krsnaballarama;MIUMIUofficial
krsnaballarama;MIUMIUofficial
krsnaballarama;MIUMIUofficial
f_a_hasanli;la_Biennale
NeonHeartsClub;blanchettheart
TaxiDriversRoma;TaxiDriversRoma
ivansav_;blanchettheart
BlanchDaisyy;ATwistOfCate
asimilyano;la_Biennale
_hedaleksa;robinmonotti
KwiwYss;blanchettheart
timtrimingham;drjonty
Music_9945;blanchettheart
templeheartfilm;Screendaily
veragraziadei;thebookofvision
abbasov_elsen;la_Biennale
Targrod;la_Biennale
flacarla;la_Biennale
flacarla;la_Biennale
ilMorabito;Cineuropa
micpipo;blanchettheart
danggeunz;blanchettheart
SummerKevinSky;Screendaily
Valentinacine;raimovie
beckyblanchetti;blanchettheart
Tongyan80001802;Tony_yangy
beta_cinema;jamesnortonweb
beta_cinema;rachel_babbage
beta_cinema;jamesnortonweb
LannJoanna;SundaysWithCate
LannJoanna;blanchettheart
caskettCB;blanchettheart
Rmfhaltzkf;blanchettheart
boginia4;armani
siebrennt;la_Biennale
flrmrchpy;blanchettheart
itim15;blanchettheart
eulalie444;blanchettheart
CDespringre;Cineuropa
MyIdol_Cate;blanchettheart
pk_2415;blanchettheart
CBlanchett_army;blanchettheart
Naian_GN;la_Biennale
jamesnortonweb;Cat_Bauer
cyclist550;blanchettheart
CateMyQueen;blanchettheart
Throwit19;blanchettheart
peixeeletrico;QueerLion
Conte_Official;la_Biennale
TheHotCorn_;SicVeneziaSNCCI
FilyFilys;jamesnortonweb
Martin_Samper;OnTheLido
terrencemalikk;robinmonotti
terrencemalikk;robinmonotti
iiiRitaxz;beta_cinema
woozooplease;blanchettheart
CEBownsme;blanchettheart
Nexo_Digital;la_Biennale
iiiRitaxz;jamesnortonweb
sergioandreola;robinmonotti
Horamiji;rachel_babbage
Horamiji;jamesnortonweb
flyme2damooon;jamesnortonweb
jacopogiliberto;la_Biennale
catecharlize147;blanchettheart
Horamiji;jamesnortonweb
Eurocharilaos;thebookofvision
Caroline_BLUEZO;blanchettheart
LyubovKuzneczo2;jamesnortonweb
Horamiji;jamesnortonweb
Horamiji;maggiearg94
Horamiji;jamesnortonweb
Horamiji;jamesnortonweb
runcarolrun99O;blanchettheart
Horamiji;jamesnortonweb
rkcullens;Mel452
robinmonotti;thebookofvision
luminous_arts;thebookofvision
Anna05008071;blanchettheart
luminous_arts;robinmonotti
DigitalNomadArt;HermioneKitson
_SherryKISS_;blanchettheart
Chada_kc;blanchettheart
cateblanchettph;blanchettheart
stanaticsoldier;blanchettheart
anbbbcs;blanchettheart
flyinvisible;blanchettheart
Bheng72484176;blanchettheart
luminous_arts;robinmonotti
elizabethtoni;la_Biennale
elizabethtoni;la_Biennale
Kc_indep_lady;la_Biennale
BCoffee_lover;blanchettheart
cthrnblnchtt;blanchettheart
FilyFilys;jamesnortonweb
Sudarat_Mo;blanchettheart
GUCCI7GUCCI;Versace
luvCandy4ever;blanchettheart
GUCCI7GUCCI;gucci
saraptrl;blanchettheart
lightacademia;blanchettheart
Catelandishere;blanchettheart
BernerSenenhund;affeu2
BlanchDaisyy;blanchettheart
viralvideovlogs;HermioneKitson
lorellamuzi;HermioneKitson
drjicky;inderweltsein
FabienLemercier;GdSArizona
LT38;la_Biennale
LT38;la_Biennale
Sarani_girl;armani
jaiime06_;Versace
filmuforia;drjonty
girlslikeyou04;SundaysWithCate
_minaerva;jamesnortonweb
_minaerva;jamesnortonweb
AnetteVands;la_Biennale
elyzone;la_Biennale
FashionModelsGP;McQueen
GeorgeAddison87;JuttaBrendemuhl
MudV3in;Mel452
jwinchell_237;CriterionDaily
flacarla;la_Biennale
LeGuerrer;nomadlandfilm
alejand84792672;diegobonetaintf
prajapati_divy;OnTheLido
mayazepam;McQueen
guingonabart;lahihayop
LeonardoAlonso_;la_Biennale
LeonardoAlonso_;la_Biennale
myleneymylene;la_Biennale
_bedouin;nomadlandfilm
ncmprod11;la_Biennale
KyleChristophe9;YouTube @la_Biennale
craigswhitney;la_Biennale
cakewal61658173;MIUMIUofficial
kkkkk76697078;McQueen
Loveccatee;SundaysWithCate
MastercardAP;MastercardEU
queerskins;la_Biennale
proxcinemente;ElBlackPhillipp
httxngel;gucci
httxngel;Versace
HarCmran20;nomadlandfilm
chickenjcandySB;SundaysWithCate
toondogger;SundaysWithCate
orensoffer;davidehrlich
homestar86;davidehrlich
chadtaylormobi;LAFilmCritics
jon_frosch;LAFilmCritics
Slindenevski;LAFilmCritics
Rickricky2220;Versace
marahnelos;CinemaTropical
francismalasig;epaphotos
__9411;gucci
Srunthefut;la_Biennale
SeptimaPantalla;la_Biennale
